id,email,encrypted_password,reset_password_token,reset_password_sent_at,remember_created_at,sign_in_count,current_sign_in_at,last_sign_in_at,current_sign_in_ip,last_sign_in_ip,confirmation_token,confirmed_at,confirmation_sent_at,unconfirmed_email,created_at,updated_at,first_name,last_name,invitation_token,invitation_created_at,invitation_sent_at,invitation_accepted_at,invitation_limit,invited_by_type,invited_by_id,invitations_count,avatar
6,edwinguerrero82@yahoo.es,$2a$11$hFP6gVVnedyiPENIaee/q.7AzRCLABNDjD1OuoFwaHhLV.bq0cUTa,,,,0,,,,,,2018-03-08 23:18:32.629851,,,2018-03-08 23:18:32.632519,2018-03-08 23:18:32.632519,Edwin,Guerrero,,,,,,,,0,
5,btoledo82@hotmail.com,$2a$11$hFP6gVVnedyiPENIaee/q.7AzRCLABNDjD1OuoFwaHhLV.bq0cUTa,,,,0,,,,,,2018-03-08 23:18:32.770842,,,2018-03-08 23:18:32.77203,2018-03-08 23:18:32.77203,Bladimir,Toledo,,,,,,,,0,
30,api@hivetracks.com,$2a$11$/z9a9qXhK8RTFSAP5MiqeuxZoSK.EYo6jMic2q2HaV4ksBDuCxxh2,,,,3414,2019-03-27 19:29:44.477547,2019-03-27 19:29:44.270235,137.116.119.15,137.116.119.15,-yszxVjyo4xHztn-g9Lf,2018-03-08 23:15:47.533094,2018-03-08 23:13:43.643999,,2018-03-08 23:13:43.643484,2019-03-27 19:29:44.481401,HiveTracks,Bees,,,,,,,,0,59008_7aaec53c-05db-47bf-a99a-4677dc064a49_8114e0f5-815b-4c98-8bad-287f52566471-2.jpg
3,moyenhoneyfarms@gmail.com,$2a$11$hFP6gVVnedyiPENIaee/q.7AzRCLABNDjD1OuoFwaHhLV.bq0cUTa,,,2018-03-13 12:24:28.118649,180,2019-03-27 15:18:09.700621,2019-03-27 02:23:10.62235,69.168.163.66,69.168.163.66,,2018-03-08 23:18:32.753171,,,2018-03-08 23:18:32.754142,2019-03-27 15:18:09.704442,Gerry ,Moyen,,,,,,,,0,
4,toledoguzmanj@yahoo.es,$2a$11$hFP6gVVnedyiPENIaee/q.7AzRCLABNDjD1OuoFwaHhLV.bq0cUTa,,,,1,2018-03-22 17:22:49.440956,2018-03-22 17:22:49.440956,38.132.183.24,38.132.183.24,,2018-03-08 23:18:32.790515,,,2018-03-08 23:18:32.79143,2018-03-22 17:22:49.443438,Javier ,Toledo,,,,,,,,0,
2,moyenderek@gmail.com,$2a$11$hFP6gVVnedyiPENIaee/q.7AzRCLABNDjD1OuoFwaHhLV.bq0cUTa,,,2018-03-22 20:56:36.047295,62,2018-05-17 01:26:13.418336,2018-05-15 07:46:15.661985,67.225.110.206,207.219.12.66,,2018-03-08 23:18:32.807984,,,2018-03-08 23:18:32.808937,2018-05-17 01:26:13.420237,Derek,Moyen,,,,,,,,0,-MOYEN_HONEY_FARMS_-logo-black.png
